"TimeOfCollision","x","y","z","other"
55860513,0.45484978,0.971337259,-0.7142056,_targetObjectSphere
55865059,0.7440109,0.909371257,-0.5909415,_targetObjectSphere
