"TimeOfCollision","x","y","z","other"
56426764,0.562773347,0.86018765,-0.5227724,_targetObjectSphere
56428607,0.555337846,0.8588454,-0.522454441,_targetObjectSphere
