"TimeOfCollision","x","y","z","other"
51222964,0.5271702,0.8488027,-0.517356336,_targetObjectSphere
51223813,0.563473344,0.882747531,-0.5214722,_targetObjectSphere
