"TimeOfCollision","x","y","z","other"
66359521,0.608433068,0.8104341,-0.5246561,_targetObjectSphere
66360548,0.6193373,0.8133675,-0.52067095,_targetObjectSphere
