"TimeOfCollision","x","y","z","other"
44209886,0.5446949,0.877333462,-0.5256282,_targetObjectSphere
44210925,0.5624817,0.8765094,-0.524733365,_targetObjectSphere
