"TimeOfCollision","x","y","z","other"
54333021,0.5194722,1.00670815,-0.661675334,_targetObjectSphere
54337824,1.03007686,0.886094,-0.686350942,_targetObjectSphere
