"TimeOfCollision","x","y","z","other"
43435610,0.5818082,0.828673363,-0.525170267,_targetObjectSphere
43436436,0.590141356,0.8449659,-0.521550357,_targetObjectSphere
