"TimeOfCollision","x","y","z","other"
54388010,0.4956271,0.9948565,-0.6807843,_targetObjectSphere
54388072,0.499208152,0.994880438,-0.6793693,_targetObjectSphere
