"TimeOfCollision","x","y","z","other"
44166885,0.634944856,0.8028075,-0.764737964,_targetObjectSphere
44168493,0.641693652,0.7933707,-0.5976592,_targetObjectSphere
