"TimeOfCollision","x","y","z","other"
55666597,0.6859943,0.8494888,-0.525825143,_targetObjectSphere
55667647,0.694266,0.8433348,-0.5257597,_targetObjectSphere
