"TimeOfCollision","x","y","z","other"
30756002,0.464412123,0.9837314,-0.6947281,_targetObjectSphere
30757488,0.578341365,1.04056692,-0.744697034,_targetObjectSphere
