"TimeOfCollision","x","y","z","other"
51025613,0.794588149,0.744497836,-0.600227237,s_model_palm
