"TimeOfCollision","x","y","z","other"
54652399,0.43665278,1.03612757,-0.678592145,s_model_finger_middle_link_1
54655213,0.947528,1.00683761,-0.6160535,s_model_finger_2_link_1
