"TimeOfCollision","x","y","z","other"
58553745,0.6828167,0.750282168,-0.781691849,s_model_finger_1_link_1
58554538,0.703927159,0.7561564,-0.560828447,s_model_finger_middle_link_1
