"TimeOfCollision","x","y","z","other"
54306248,0.6844417,0.896570444,-0.6662407,s_model_finger_1_link_1
54306426,0.6841679,0.896237,-0.631371558,s_model_finger_1_link_1
