"TimeOfCollision","x","y","z","other"
56491967,1.053584,0.833328366,-0.60297066,s_model_palm
56492140,1.11670768,0.838811159,-0.6024427,s_model_finger_1_link_1
