"TimeOfCollision","x","y","z","other"
35809054,0.943982244,1.02146864,-0.6101586,s_model_finger_2_link_1
35810372,1.08138108,0.965386331,-0.752785742,s_model_palm
