"TimeOfCollision","x","y","z","other"
65901261,0.7706601,0.7521066,-0.492649078,ft_fts_robotside
65901785,1.16343451,0.7540295,-0.487218261,ft_fts_robotside
