"TimeOfCollision","x","y","z","other"
59554307,0.700275838,1.05473089,-0.6556209,s_model_finger_middle_link_1
59556719,0.9491958,0.9979013,-0.609189,s_model_finger_2_link_1
