"TimeOfCollision","x","y","z","other"
61229477,0.7133618,0.8542661,-0.8287894,s_model_palm
61229856,0.7131446,0.865763962,-0.6729329,s_model_palm
