"TimeOfCollision","x","y","z","other"
65774971,0.9709496,0.898636,-0.578244865,s_model_finger_middle_link_1
65775686,0.9523345,0.8862846,-0.6211859,s_model_finger_2_link_1
