"TimeOfCollision","x","y","z","other"
54604044,0.681749642,0.704028845,-0.783958,s_model_finger_1_link_1
54604637,0.703285158,0.6979617,-0.7068049,s_model_finger_middle_link_1
