"TimeOfCollision","x","y","z","other"
55018904,0.6694204,0.7301116,-0.794222653,s_model_finger_1_link_1
55021295,1.037029,0.68147,-0.7361295,s_model_finger_1_link_1
