"TimeOfCollision","x","y","z","other"
48285665,0.487359881,0.8143386,-0.5500567,s_model_palm
48287094,0.5414746,0.797513,-0.549453735,s_model_palm
