"TimeOfCollision","x","y","z","other"
47640743,0.5453135,1.07863247,-0.7133231,s_model_palm
47642463,0.953497,1.01939011,-0.614540756,s_model_finger_2_link_1
