"TimeOfCollision","x","y","z","other"
57504362,0.436599344,1.08923864,-0.7319616,s_model_palm
57509522,0.951577663,0.990211248,-0.614094,s_model_finger_2_link_1
