"TimeOfCollision","x","y","z","other"
68132931,0.44624,0.998367667,-0.70993644,s_model_finger_middle_link_2
68140423,1.04210556,0.883565962,-0.7351179,s_model_finger_1_link_3
