"TimeOfCollision","x","y","z","other"
55007947,0.673194051,0.735265851,-0.7927766,s_model_finger_1_link_1
55008047,0.6776685,0.745388031,-0.72441566,s_model_finger_2_link_1
