"TimeOfCollision","x","y","z","other"
44744150,0.6865747,0.80333215,-0.728737,s_model_finger_1_link_1
44745244,0.703121245,0.810948253,-0.6097017,s_model_finger_middle_link_1
