"TimeOfCollision","x","y","z","other"
51929747,0.702964365,0.8166405,-0.6316432,s_model_finger_middle_link_1
51929948,0.7165473,0.8231697,-0.540986657,s_model_palm
