"TimeOfCollision","x","y","z","other"
60219243,0.436344832,1.06566191,-0.7269306,s_model_palm
60222594,1.14120686,0.9387485,-0.7286966,s_model_palm
