"TimeOfCollision","x","y","z","other"
45878862,1.03351569,0.8785712,-0.7368665,s_model_finger_middle_link_3
45881107,1.1287576,0.8882691,-0.7228761,s_model_palm
