"TimeOfCollision","x","y","z","other"
45789305,0.685475647,0.8036077,-0.7357072,s_model_finger_2_link_1
45791471,0.703386962,0.821312249,-0.6039407,s_model_finger_middle_link_1
