"TimeOfCollision","x","y","z","other"
51977225,0.7451998,1.00224137,-0.586027145,s_model_palm
51978487,0.950235248,0.957553744,-0.6094517,s_model_finger_2_link_1
