"TimeOfCollision","x","y","z","other"
66553849,0.4980985,1.05624771,-0.716793239,s_model_palm
66559345,1.09177029,0.926003635,-0.7468759,s_model_palm
