"TimeOfCollision","x","y","z","other"
40877461,0.4391834,1.08296156,-0.7278414,s_model_palm
40877874,0.495397151,1.07879174,-0.7178916,s_model_palm
