"TimeOfCollision","x","y","z","other"
35842306,0.6331295,1.06533277,-0.7185686,s_model_palm
35846115,1.08551908,0.974095345,-0.757042348,s_model_palm
