"TimeOfCollision","x","y","z","other"
68805573,0.9757689,0.9865858,-0.6322131,s_model_finger_middle_link_1
68806924,1.10988832,0.9684675,-0.7554702,s_model_palm
