"TimeOfCollision","x","y","z","other"
60192101,0.441486418,1.09289527,-0.7285243,s_model_palm
60192481,0.5223521,1.099855,-0.723488569,s_model_palm
