"TimeOfCollision","x","y","z","other"
49498971,0.6585101,0.825808167,-0.796671152,s_model_palm
49499519,0.6797907,0.8353386,-0.624262,s_model_palm
