"TimeOfCollision","x","y","z","other"
65288294,0.6030468,1.04085064,-0.69213146,s_model_palm
65289568,0.779076934,0.9804962,-0.5539605,s_model_palm
