"TimeOfCollision","x","y","z","other"
43634789,0.6921465,0.974890947,-0.6967907,s_model_finger_middle_link_1
43636846,0.945337534,0.8996066,-0.6089437,s_model_finger_2_link_1
