"TimeOfCollision","x","y","z","other"
54702271,0.464644045,1.096865,-0.699491143,s_model_finger_2_link_1
54704929,0.9373437,1.045237,-0.619915068,s_model_finger_2_link_1
