"TimeOfCollision","x","y","z","other"
61823794,0.49213168,0.892032266,-0.525235832,_targetObjectSphere
61826954,0.485437781,0.880206,-0.5258478,_targetObjectSphere
