"TimeOfCollision","x","y","z","other"
36392097,0.6572293,0.8025859,-0.526533842,_targetObjectSphere
36393024,0.6428623,0.8065192,-0.5237504,_targetObjectSphere
