"TimeOfCollision","x","y","z","other"
34862884,0.546989739,0.897244453,-0.5138052,_targetObjectSphere
34865286,0.583892167,0.9821541,-0.4666561,_targetObjectSphere
