"TimeOfCollision","x","y","z","other"
39964336,0.496782452,0.830950737,-0.522491157,_targetObjectSphere
39968759,0.4682496,0.8441777,-0.525118351,_targetObjectSphere
