"TimeOfCollision","x","y","z","other"
39227847,0.5928124,1.063817,-0.65971303,_targetObjectSphere
39228125,0.6101724,1.04929113,-0.656630754,_targetObjectSphere
