"TimeOfCollision","x","y","z","other"
61172232,0.468988031,0.840149939,-0.5196964,_targetObjectSphere
61173272,0.56228596,0.829581,-0.51728487,_targetObjectSphere
