"TimeOfCollision","x","y","z","other"
49583179,0.856988132,1.03045356,-0.5279188,_targetObjectSphere
49585558,1.03201079,0.946988642,-0.6869341,_targetObjectSphere
