"TimeOfCollision","x","y","z","other"
39169397,0.474081755,0.990267634,-0.673941255,_targetObjectSphere
39171038,0.600445867,1.01956654,-0.660429239,_targetObjectSphere
