"TimeOfCollision","x","y","z","other"
45112770,0.4879294,1.02362907,-0.6601376,_targetObjectSphere
45115373,1.101484,0.91268903,-0.691286445,_targetObjectSphere
