"TimeOfCollision","x","y","z","other"
61163387,0.5472785,0.864169061,-0.5205812,_targetObjectSphere
61164291,0.590973258,0.8857345,-0.5240093,_targetObjectSphere
