"TimeOfCollision","x","y","z","other"
44981739,0.60826683,0.850819767,-0.5254339,_targetObjectSphere
44984096,0.5815279,0.859727,-0.369322956,_targetObjectSphere
