"TimeOfCollision","x","y","z","other"
59267807,0.5496455,0.8186569,-0.5248246,_targetObjectSphere
59270353,0.5553608,0.7994709,-0.5226701,_targetObjectSphere
