"TimeOfCollision","x","y","z","other"
47510718,0.4630511,0.8001853,-0.524870932,_targetObjectSphere
47513130,0.5765264,0.830196142,-0.524866462,_targetObjectSphere
