"TimeOfCollision","x","y","z","other"
56712876,0.4661976,0.986239433,-0.6962174,_targetObjectSphere
56716261,0.862239242,0.920708656,-0.561703444,_targetObjectSphere
