"TimeOfCollision","x","y","z","other"
56555374,0.640289247,0.8279502,-0.5510377,s_model_palm
56556993,0.6486376,0.824437857,-0.5503809,s_model_palm
