"TimeOfCollision","x","y","z","other"
61957528,0.686023355,0.8671756,-0.735834837,s_model_finger_2_link_1
61957929,0.704464,0.877990663,-0.557816267,s_model_finger_middle_link_1
