"TimeOfCollision","x","y","z","other"
35790096,1.08967543,0.9104468,-0.7451362,s_model_palm
35790655,1.1841104,0.9049803,-0.7264132,s_model_palm
