"TimeOfCollision","x","y","z","other"
43620925,0.474494755,0.874498,-0.5252429,_targetObjectSphere
43622745,0.5254499,0.879090369,-0.525432765,_targetObjectSphere
