"TimeOfCollision","x","y","z","other"
48394625,0.875555754,0.9850479,-0.559939146,s_model_palm
48394725,0.8970155,0.981422663,-0.5606062,s_model_palm
