"TimeOfCollision","x","y","z","other"
65110709,0.6537285,0.8060589,-0.5235284,_targetObjectSphere
65112697,0.644924,0.8256576,-0.522668839,_targetObjectSphere
