"TimeOfCollision","x","y","z","other"
50141692,0.7069956,0.8244073,-0.5257332,_targetObjectSphere
50143429,0.693626344,0.846140563,-0.525436938,_targetObjectSphere
