"TimeOfCollision","x","y","z","other"
67926771,0.6284245,0.9372731,-0.5238694,_targetObjectSphere
67929151,0.646415651,0.9684397,-0.5184268,_targetObjectSphere
