"TimeOfCollision","x","y","z","other"
35089081,0.6644287,1.01153493,-0.6523057,s_model_finger_1_link_1
35091150,0.9547093,0.9325616,-0.619180143,s_model_finger_2_link_1
