"TimeOfCollision","x","y","z","other"
30688951,0.711256266,0.8278356,-0.7631119,s_model_palm
30690526,0.706093,0.825344443,-0.5594393,s_model_palm
