"TimeOfCollision","x","y","z","other"
41454487,0.5762715,0.994678736,-0.7280674,_targetObjectSphere
41455751,0.59693265,0.9943509,-0.7227922,_targetObjectSphere
