"TimeOfCollision","x","y","z","other"
65460323,0.591478646,0.854953051,-0.5522617,s_model_palm
65462702,0.5854126,1.01130748,-0.452440143,s_model_finger_middle_link_3
