"TimeOfCollision","x","y","z","other"
39202725,0.748179734,0.977580547,-0.519433558,_targetObjectSphere
39204156,0.7631297,0.968406558,-0.5256743,_targetObjectSphere
