"TimeOfCollision","x","y","z","other"
51221483,0.8914431,0.9880586,-0.559807539,s_model_palm
51222913,0.9498095,0.928174436,-0.6150417,s_model_finger_2_link_1
