"TimeOfCollision","x","y","z","other"
53609783,0.694938064,0.736205,-0.827582657,ft_fts_robotside
53610275,0.696999967,0.748030066,-0.62973994,ft_fts_robotside
