"TimeOfCollision","x","y","z","other"
35824255,0.951959968,0.977173567,-0.6142892,s_model_finger_2_link_1
35825049,1.003846,0.9391942,-0.7502084,s_model_palm
