"TimeOfCollision","x","y","z","other"
35775061,0.8756142,0.9195844,-0.5658056,_targetObjectSphere
35775799,1.17094982,0.845846951,-0.7013313,_targetObjectSphere
