"TimeOfCollision","x","y","z","other"
42755493,0.698814034,1.05283213,-0.692961037,s_model_finger_middle_link_1
42758207,0.9492209,0.9955566,-0.6058963,s_model_finger_2_link_1
