"TimeOfCollision","x","y","z","other"
52629026,0.6834989,0.726813555,-0.7810374,s_model_finger_1_link_1
52629088,0.6850287,0.7312691,-0.7479965,s_model_finger_1_link_1
