"TimeOfCollision","x","y","z","other"
61283728,0.9999087,0.973886132,-0.7726779,s_model_palm
61283962,1.13863325,0.958613455,-0.7541237,s_model_palm
