"TimeOfCollision","x","y","z","other"
36474417,0.498799384,1.06398284,-0.7179601,s_model_palm
36474742,0.644051,1.06679964,-0.722862959,s_model_palm
