"TimeOfCollision","x","y","z","other"
39286550,0.6285941,0.853310347,-0.5498649,s_model_palm
39288550,0.641505361,0.844897866,-0.550145149,s_model_palm
