"TimeOfCollision","x","y","z","other"
54647234,1.029202,0.958186269,-0.743761659,s_model_palm
54647346,1.09546232,0.958368063,-0.7323404,s_model_finger_1_link_1
