"TimeOfCollision","x","y","z","other"
65918394,0.7222954,0.9134511,-0.559561849,s_model_finger_middle_link_2
65919332,0.970907569,0.9003546,-0.593629837,s_model_finger_middle_link_1
