"TimeOfCollision","x","y","z","other"
35713506,0.680985332,0.780951,-0.721071362,s_model_finger_2_link_1
35713907,0.704498053,0.7894409,-0.5566628,s_model_finger_middle_link_1
