"TimeOfCollision","x","y","z","other"
65950272,0.6277881,1.00665379,-0.6339558,_targetObjectSphere
65951451,0.8892788,1.00290859,-0.6149498,_targetObjectSphere
