"TimeOfCollision","x","y","z","other"
53678153,0.463724434,1.03645325,-0.7208207,s_model_palm
53678711,0.477441967,1.02785337,-0.7196439,s_model_palm
