"TimeOfCollision","x","y","z","other"
61272346,0.495276332,1.08556724,-0.719904244,s_model_palm
61274267,1.00000417,0.958972156,-0.763512731,s_model_palm
