"TimeOfCollision","x","y","z","other"
57470674,0.682733357,0.8287767,-0.650600255,s_model_finger_1_link_1
57470763,0.6820699,0.830414653,-0.6355097,s_model_finger_2_link_1
