"TimeOfCollision","x","y","z","other"
54313798,0.6823667,0.9059713,-0.774635732,s_model_finger_1_link_1
54317629,0.94191736,0.8951891,-0.7751918,s_model_finger_2_link_1
