"TimeOfCollision","x","y","z","other"
61823659,0.490955442,0.912542343,-0.5387991,s_model_finger_1_link_2
61826529,0.47909686,0.89963305,-0.5395473,s_model_palm
