"TimeOfCollision","x","y","z","other"
51848109,0.445656449,0.7757165,-0.5597289,s_model_palm
51850075,0.5020132,0.7865926,-0.5578827,s_model_palm
