"TimeOfCollision","x","y","z","other"
51357357,0.6753969,0.7508135,-0.7171563,s_model_palm
51357749,0.697566748,0.734101534,-0.569307446,ft_fts_robotside
