"TimeOfCollision","x","y","z","other"
43604263,0.692291,0.9386125,-0.653017163,s_model_finger_middle_link_1
43606544,1.06863713,0.9294469,-0.7213357,s_model_palm
