"TimeOfCollision","x","y","z","other"
57522010,0.9509426,0.978956342,-0.607753456,s_model_finger_2_link_1
57522379,0.9506278,0.970541358,-0.6442316,s_model_finger_2_link_1
