"TimeOfCollision","x","y","z","other"
35082680,1.02296066,0.9172553,-0.740871549,s_model_palm
35083127,1.09883642,0.9213712,-0.731700838,s_model_palm
