"TimeOfCollision","x","y","z","other"
51222920,0.508468866,0.858263731,-0.558186233,s_model_palm
51223790,0.5645249,0.902012169,-0.5408285,s_model_finger_1_link_1
