"TimeOfCollision","x","y","z","other"
57531772,0.432355732,1.04728246,-0.7310102,s_model_palm
57542439,1.00432551,0.9588202,-0.757377744,s_model_palm
