"TimeOfCollision","x","y","z","other"
40843482,0.68356967,0.7961769,-0.6975169,s_model_finger_2_link_1
40843773,0.7052654,0.7971144,-0.5571097,s_model_finger_middle_link_1
