"TimeOfCollision","x","y","z","other"
39310417,0.481251955,1.09653664,-0.6924793,s_model_finger_middle_link_1
39315483,0.678775847,1.09890187,-0.6016406,s_model_finger_1_link_1
