"TimeOfCollision","x","y","z","other"
65871202,0.691548049,0.74292016,-0.68192023,s_model_finger_1_link_1
65872531,1.22629738,0.815991759,-0.504200637,s_model_palm
