"TimeOfCollision","x","y","z","other"
44187169,0.6957086,0.7267867,-0.698256254,ft_fts_robotside
44187965,0.7012687,0.73548007,-0.544040561,ft_fts_robotside
