"TimeOfCollision","x","y","z","other"
44209854,0.572726548,0.918490052,-0.533176064,s_model_finger_1_link_3
44210914,0.590586841,0.9163101,-0.53291136,s_model_finger_1_link_3
