"TimeOfCollision","x","y","z","other"
65234983,0.6731381,0.690019965,-0.7869386,s_model_finger_1_link_1
65235120,0.7037967,0.700128734,-0.7109545,s_model_finger_middle_link_1
