"TimeOfCollision","x","y","z","other"
30024884,0.438429356,0.789332449,-0.562257648,s_model_palm
30025833,0.7122264,0.775527,-0.5715875,s_model_finger_1_link_1
