"TimeOfCollision","x","y","z","other"
30153357,0.439085662,1.06642509,-0.722855031,s_model_palm
30155468,0.6694816,1.06340539,-0.6566473,s_model_finger_1_link_1
