"TimeOfCollision","x","y","z","other"
40867876,0.450164318,1.09045458,-0.724656761,s_model_palm
40872769,1.00785339,0.9581417,-0.7547703,s_model_palm
