"TimeOfCollision","x","y","z","other"
55024813,0.6818363,0.747552156,-0.725526869,s_model_finger_2_link_1
55024969,0.704013348,0.7602972,-0.5845093,s_model_finger_middle_link_1
