"TimeOfCollision","x","y","z","other"
54594684,0.6848718,0.7342742,-0.782414854,s_model_finger_1_link_1
54595198,0.7031607,0.73240453,-0.7130483,s_model_finger_middle_link_1
