"TimeOfCollision","x","y","z","other"
59565555,0.9133793,1.00365615,-0.551544666,s_model_palm
59565990,0.909384131,1.0059464,-0.598323166,s_model_finger_2_link_1
