"TimeOfCollision","x","y","z","other"
59528707,0.9541861,0.950262547,-0.649862051,s_model_finger_1_link_1
59529778,0.9975506,0.948705733,-0.7583457,s_model_palm
