"TimeOfCollision","x","y","z","other"
56543672,0.7032387,0.780008852,-0.788032651,s_model_finger_middle_link_1
56543732,0.703562558,0.779816151,-0.78806597,s_model_finger_middle_link_1
