"TimeOfCollision","x","y","z","other"
51920354,0.696281254,1.04471326,-0.65647155,s_model_finger_middle_link_1
51922979,0.7972944,0.9796261,-0.5842263,s_model_palm
