"TimeOfCollision","x","y","z","other"
40213818,0.487774521,0.7731595,-0.59162724,s_model_palm
40214287,1.03617334,0.723318934,-0.636848867,s_model_palm
