"TimeOfCollision","x","y","z","other"
52605235,0.6894677,0.8202677,-0.7543488,s_model_finger_1_link_1
52605447,0.6929678,0.818096638,-0.6676877,s_model_finger_1_link_1
