"TimeOfCollision","x","y","z","other"
40854249,0.682638943,0.80992794,-0.7146632,s_model_finger_2_link_1
40857411,0.942988157,0.8650406,-0.748661757,s_model_finger_2_link_1
