"TimeOfCollision","x","y","z","other"
44436027,0.683474541,0.748743355,-0.785345733,s_model_finger_1_link_1
44436630,0.6838824,0.743722856,-0.7369751,s_model_finger_1_link_1
