"TimeOfCollision","x","y","z","other"
59543115,0.444603622,1.09127665,-0.7346566,s_model_palm
59543740,0.4910462,1.08860087,-0.7214927,s_model_palm
