"TimeOfCollision","x","y","z","other"
58572566,0.691149831,0.776808143,-0.7296557,s_model_finger_1_link_1
58572678,0.69412905,0.78063947,-0.685098648,s_model_finger_1_link_1
