"TimeOfCollision","x","y","z","other"
41377037,0.487957776,0.8735056,-0.341583729,s_model_palm
41377886,0.3862153,0.8421515,-0.555071533,s_model_palm
