"TimeOfCollision","x","y","z","other"
57478806,0.433569849,1.07483816,-0.7289909,s_model_palm
57484525,0.931144059,1.01351845,-0.6009529,s_model_finger_2_link_0
