"TimeOfCollision","x","y","z","other"
56426652,0.569577634,0.9128144,-0.551003456,s_model_finger_1_link_1
56428506,0.564454,0.9020854,-0.5496114,s_model_finger_1_link_1
