"TimeOfCollision","x","y","z","other"
50316451,0.9712421,0.910746336,-0.639595449,s_model_finger_middle_link_1
50317647,1.154057,0.903045535,-0.7192148,s_model_palm
