"TimeOfCollision","x","y","z","other"
43620801,0.477907,0.8751823,-0.5474255,s_model_palm
43622633,0.5358677,0.8822696,-0.5457483,s_model_palm
