"TimeOfCollision","x","y","z","other"
50249523,0.7160688,0.8601694,-0.5717257,s_model_palm
50249746,0.7382057,0.8542124,-0.5197352,s_model_palm
