"TimeOfCollision","x","y","z","other"
45108012,0.6933416,1.02104521,-0.6704817,s_model_finger_middle_link_1
45109464,1.01785254,0.9185033,-0.747288,s_model_palm
