"TimeOfCollision","x","y","z","other"
43565177,0.4318177,1.07165778,-0.7307606,s_model_palm
43569679,0.95062387,1.00678861,-0.6119593,s_model_finger_2_link_1
