"TimeOfCollision","x","y","z","other"
65595945,0.7034478,0.7455916,-0.6345906,s_model_finger_middle_link_1
65596135,0.724317968,0.7535969,-0.528229654,s_model_palm
