"TimeOfCollision","x","y","z","other"
40922898,0.935758054,0.9830488,-0.5948869,s_model_palm
40922999,0.9410699,0.9784158,-0.6085467,s_model_finger_2_link_1
