"TimeOfCollision","x","y","z","other"
52493841,0.607276857,0.8585881,-0.5512454,s_model_palm
52499592,0.629825056,0.832211256,-0.553692639,s_model_palm
