"TimeOfCollision","x","y","z","other"
66544607,0.971313357,0.9621666,-0.58447814,s_model_finger_middle_link_1
66545004,0.950277,0.929267645,-0.627429545,s_model_finger_2_link_1
