"TimeOfCollision","x","y","z","other"
35637854,0.5807136,0.83524,-0.550127149,s_model_palm
35638904,0.5893598,0.8282128,-0.5480266,s_model_palm
