"TimeOfCollision","x","y","z","other"
44425482,0.6674762,0.838349044,-0.795998931,s_model_palm
44426554,0.7133519,0.8162834,-0.5456012,s_model_palm
