"TimeOfCollision","x","y","z","other"
39225631,0.4576072,1.1322211,-0.711239457,s_model_finger_2_link_1
39244947,1.2046665,1.00596857,-0.753642142,s_model_finger_1_link_1
