"TimeOfCollision","x","y","z","other"
35748501,1.16339755,0.7874818,-0.498852968,s_model_palm
35749986,0.9452723,0.7677344,-0.765599,s_model_finger_2_link_1
