"TimeOfCollision","x","y","z","other"
40573630,0.947238445,0.9626042,-0.604868054,s_model_finger_2_link_1
40573808,0.9503949,0.9530291,-0.6288167,s_model_finger_2_link_1
