"TimeOfCollision","x","y","z","other"
48434667,0.9322783,0.9861324,-0.592136562,s_model_palm
48434829,0.943615258,0.9820805,-0.61314857,s_model_finger_2_link_1
