"TimeOfCollision","x","y","z","other"
44167745,0.6950325,0.7516049,-0.6363148,ft_fts_robotside
44168623,0.7134659,0.759305835,-0.5541193,ft_fts_robotside
