"TimeOfCollision","x","y","z","other"
38452751,0.67874223,0.763400853,-0.793325961,s_model_finger_1_link_1
38453589,0.6847826,0.767005,-0.697775364,s_model_finger_2_link_1
