"TimeOfCollision","x","y","z","other"
48426491,0.95294,1.00096071,-0.6141916,s_model_finger_2_link_1
48427496,1.02514422,0.94479394,-0.7477785,s_model_palm
