"TimeOfCollision","x","y","z","other"
44464833,0.4392823,1.01379442,-0.688768148,s_model_finger_2_link_3
44464925,0.453774631,1.02308762,-0.674570262,s_model_palm
