"TimeOfCollision","x","y","z","other"
46951445,0.67105484,1.023687,-0.5869784,s_model_finger_1_link_1
46955310,0.8454131,1.01325917,-0.5841568,s_model_palm
