"TimeOfCollision","x","y","z","other"
52727709,0.9484411,0.9618571,-0.6118569,s_model_finger_2_link_1
52730336,1.02987111,0.9379657,-0.7459425,s_model_palm
