"TimeOfCollision","x","y","z","other"
65908319,0.7034861,0.708542049,-0.583611548,s_model_finger_middle_link_1
65909235,1.23084044,0.7788696,-0.5063071,s_model_palm
